Application URL,Name,Date Posted
https://ytjobs.co/job/20790,Content Producer for Fast Growing Manufacturing Business | Paking Duck (1.12K),01-07-2025
https://ytjobs.co/job/20782,Freelance Video Editor | JROB Media,01-07-2025
https://ytjobs.co/job/20786,Video Editor for Sunny and Melon Channels | Melon and Sunny (1.38M),01-07-2025
https://ytjobs.co/job/20778,Social Video Editor | Loop,01-07-2025
https://ytjobs.co/job/20777,Long Form Video Editor | RAVEN (28),01-07-2025
https://ytjobs.co/job/20769,Fortnite Short-Form Content Lead | Ali-A (19.2M),01-07-2025
https://ytjobs.co/job/20757,Video Editor | Beta Squad (10.2M),01-07-2025
https://ytjobs.co/job/20765,Looking for a scriptwriter for my new channel | Crapital (0),01-07-2025
https://ytjobs.co/job/20761,Short Form Video Editor (Gaming) | xAcceptiion Live (644K),01-07-2025
https://ytjobs.co/job/20754,Minecraft Editor de Videos en Espa√±ol | Trolero (10.3M),01-07-2025
